consinSimilarity,0.665138987
googleSimilarity,0.268630561
pathSimilarity,0.326779071
WPSimilarity,0.246995375
LCSimilarity,0.330724598
JCSimilarity,0.364555329
ResinkSimilarity,0.376714224
LinSimilarity,0.358463143
SVM,-0.197235324
