consinSimilarity,0.658314845
googleSimilarity,0.04013975
pathSimilarity,0.241554121
WPSimilarity,0.212842164
LCSimilarity,0.240651359
JCSimilarity,0.158689775
ResinkSimilarity,0.234239314
LinSimilarity,0.196707109
SVM,-0.028475586
